batch_key,candidate_key,claim_scope,problem_addressed,target_user,engineering_response,confidence,source_key,source_locator,evidence_note,limitations,researcher
pilot-1997-cpu,intel-pentium-ii-233,manufacturer_stated,Intel frames Pentium II as the next level of desktop computing performance,desktop business and consumer PC users,Pentium II P6-family processor at 233 MHz with desktop system availability,high,intel-1997-dp050797,launch and availability sections,Intel explicitly introduces the 233 MHz speed and same-day desktop system availability.,Marketing positioning; boxed/component outcome and regional scope are unknown.,luna-context-005
pilot-1997-cpu,intel-pentium-ii-266,manufacturer_stated,Intel frames Pentium II as the next level of desktop computing performance,desktop business and consumer PC users,Pentium II P6-family processor at 266 MHz with desktop system availability,high,intel-1997-dp050797,launch and availability sections,Intel explicitly introduces the 266 MHz speed and same-day desktop system availability.,Marketing positioning; boxed/component outcome and regional scope are unknown.,luna-context-005
pilot-1997-cpu,intel-pentium-ii-300,manufacturer_stated,Intel targets higher workstation performance while separating workstation timing from desktop introduction,workstations and business desktop users,Pentium II at 300 MHz with workstation availability planned for Q3 1997,high,intel-1997-dp050797,launch and workstation availability sections,Intel names 300 MHz and states workstation availability for Q3.,Q3 plan is not proof of shipment; no independent benchmark attached.,luna-context-005
pilot-1997-cpu,intel-pentium-mmx-233,manufacturer_stated,Intel addresses multimedia and mainstream desktop computing,desktop users and systems integrators,233 MHz Pentium with MMX technology and immediate boxed/distributor availability,high,intel-1997-dp060297,introduction and availability sections,Intel states immediate availability and boxed products through authorized distributors.,Manufacturer positioning; exact SKU and regional scope unknown.,luna-context-005
pilot-1997-cpu,intel-mobile-pentium-mmx-200,manufacturer_stated,Intel addresses mobile performance and low-power notebook requirements,notebook OEMs and mobile workers,200 MHz mobile Pentium MMX with mobile module and TCP packaging,high,intel-1997-mp090897,opening and package sections,Intel names low-power mobile targeting and package options.,No battery-life or independent benchmark result; OEM geography unknown.,luna-context-005
pilot-1997-cpu,intel-mobile-pentium-mmx-233,manufacturer_stated,Intel addresses mobile performance and low-power notebook requirements,notebook OEMs and mobile workers,233 MHz mobile Pentium MMX with mobile module and TCP packaging,high,intel-1997-mp090897,opening and package sections,Intel names low-power mobile targeting and package options.,No battery-life or independent benchmark result; OEM geography unknown.,luna-context-005
pilot-1997-cpu,intel-mobile-pentium-mmx-120,manufacturer_stated,Intel targets mini-notebook performance and low-power mobility,mini-notebook OEMs and mobile workers,120 MHz mobile Pentium MMX for mini-notebooks with 1000-unit availability,high,intel-1997-mp102097,opening and technical details,Intel explicitly targets mini-notebooks and states quantity availability.,Exact OEM/system shipment and benchmark configuration unknown.,luna-context-005
pilot-1997-cpu,intel-embedded-pentium-mmx-200,manufacturer_stated,Intel addresses performance needs in embedded PC applications,embedded designers and high-end embedded applications,200 MHz Pentium MMX embedded application/module positioning,high,intel-1997-em092997,opening and embedded application sections,Intel explicitly targets embedded designers and distinguishes application/module use.,Application availability is not equivalent to boxed CPU shipment; module SKU unknown.,luna-context-005
pilot-1997-cpu,amd-k6-family,manufacturer_stated,AMD positions K6 as a Windows-compatible alternative in the Socket 7 ecosystem,Windows-compatible PC users and OEMs,AMD-K6 family volume shipments in Q2 1997 and x86-compatible positioning,medium,amd-1997-10k405,1997 product discussion,AMD retrospectively states Q2 1997 volume shipments and competitive positioning.,Family-level filing does not state exact launch day or speed-grade composition; no independent benchmark attached.,luna-context-005
