batch_key,candidate_key,manufacturer_raw,product_name_raw,model_number_raw,product_type_raw,announced_date_raw,release_date_raw,market_scope_raw,source_1_url,source_2_url,notes
pilot-1997-cpu,intel-pentium-ii-233,Intel Corporation,Intel Pentium II processor 233 MHz,,desktop CPU speed grade,1997-05-07,available in desktop systems on 1997-05-07,"business desktop and workstation systems",https://www.intel.com/pressroom/archive/releases/1997/DP050797.HTM,https://www.intel.com/pressroom/kits/quickrefyr.htm,"Intel introduced 233 MHz as part of the first Pentium II family launch; preserve same-day system availability and do not infer boxed timing."
pilot-1997-cpu,intel-pentium-ii-266,Intel Corporation,Intel Pentium II processor 266 MHz,,desktop CPU speed grade,1997-05-07,available in desktop systems on 1997-05-07,"business desktop and workstation systems",https://www.intel.com/pressroom/archive/releases/1997/DP050797.HTM,https://www.intel.com/pressroom/kits/quickrefyr.htm,"Intel introduced 266 MHz as part of the first Pentium II family launch; preserve same-day system availability and do not infer boxed timing."
pilot-1997-cpu,intel-pentium-ii-300,Intel Corporation,Intel Pentium II processor 300 MHz,,desktop/workstation CPU speed grade,1997-05-07,planned for workstations in Q3 1997,"business desktop and workstation systems",https://www.intel.com/pressroom/archive/releases/1997/DP050797.HTM,https://www.intel.com/pressroom/kits/quickrefyr.htm,"Intel introduced 300 MHz with the family but states workstation availability for Q3; preserve this channel/timing gap."
pilot-1997-cpu,intel-pentium-mmx-233,Intel Corporation,Intel Pentium processor with MMX technology 233 MHz,,desktop CPU speed grade,1997-06-02,available immediately; boxed products through authorized distributors,"mainstream consumer desktop PCs; systems integrators and value-added resellers",https://www.intel.com/pressroom/archive/releases/1997/dp060297.htm,https://www.intel.com/pressroom/kits/quickrefyr.htm,"Intel states immediate availability and individually boxed products; preserve MMX designation as identity-bearing wording."
pilot-1997-cpu,intel-mobile-pentium-mmx-200,Intel Corporation,Mobile Intel Pentium processor with MMX technology 200 MHz,,mobile CPU speed grade,1997-09-08,available in mobile module and TCP packaging,"notebook PCs and mobile workers",https://www.intel.com/pressroom/archive/releases/1997/MP090897.HTM,https://www.intel.com/pressroom/kits/quickrefyr.htm,"Intel introduced 200 MHz mobile Pentium MMX; preserve mobile segment, low-power intent, and package distinction."
pilot-1997-cpu,intel-mobile-pentium-mmx-233,Intel Corporation,Mobile Intel Pentium processor with MMX technology 233 MHz,,mobile CPU speed grade,1997-09-08,available in mobile module and TCP packaging,"notebook PCs and mobile workers",https://www.intel.com/pressroom/archive/releases/1997/MP090897.HTM,https://www.intel.com/pressroom/kits/quickrefyr.htm,"Intel introduced 233 MHz mobile Pentium MMX; preserve mobile segment, low-power intent, and package distinction."
pilot-1997-cpu,intel-mobile-pentium-mmx-120,Intel Corporation,Mobile Intel Pentium processor with MMX technology 120 MHz,,mobile/mini-notebook CPU speed grade,1997-10-20,available in 1000-unit quantities,"mini-notebook PCs and mobile workers",https://www.intel.com/pressroom/archive/releases/1997/MP102097.HTM,https://www.intel.com/pressroom/kits/quickrefyr.htm,"Intel introduced 120 MHz for mini-notebooks; preserve the distinct mini-notebook segment and low-power framing."
pilot-1997-cpu,intel-embedded-pentium-mmx-200,Intel Corporation,Intel Pentium processor with MMX technology 200 MHz embedded application,,embedded CPU/module variant,1997-09-29,availability of embedded applications and module stated,"embedded PC designers and high-end embedded applications",https://www.intel.com/pressroom/archive/releases/1997/EM092997.HTM,https://www.intel.com/pressroom/kits/quickrefyr.htm,"Intel positions 200 MHz Pentium MMX for embedded designers; preserve embedded/module boundary rather than merging with desktop 200 MHz."
pilot-1997-cpu,amd-k6-family,Advanced Micro Devices Inc.,AMD-K6 MMX Enhanced processor,,CPU product family,1997-Q2,volume shipments began in Q2 1997,"Microsoft Windows-compatible personal computers; Socket 7 ecosystem",https://ir.amd.com/financial-information/sec-filings/content/0001012870-98-001020/10-K405_A.txt,https://ir.amd.com/financial-information/sec-filings/content/0001012870-97-000533/10-K.txt,"AMD's later filing states 1997 Q2 volume shipments and positions K6 against Intel Pentium II; family-level record does not enumerate speed grades."
